shipment_id,origin_hub,destination_hub,route_id,scheduled_departure,distance_km,product_weight_kg,fragile,transport_mode,vehicle_id,vehicle_reliability,planned_transit_hours,scheduled_arrival,origin_congestion_idx,dest_congestion_idx,actual_departure,actual_arrival,delay_minutes,origin_hub_name,destination_hub_name,origin_country,destination_country,origin_region,destination_region,origin_lat,origin_lon,destination_lat,destination_lon,route_name
SHP463810,DXB01,BAH12,DXB01-BAH12,2024-01-01 16:15:00,482.9014049,2884.5,No,SEA,VSL-8013,0.894833961,14.351,2024-01-02 12:54:00,0.222222222,0.066666667,2024-01-01 16:29:00,2024-01-02 12:58:00,4,Dubai Central Hub,Bahrain Regional Hub,United Arab Emirates,Bahrain,GCC Central Region,GCC Northern Region,25.2048,55.2708,26.2285,50.586,Dubai Central Hub -> Bahrain Regional Hub
SHP480570,DXB01,BAH12,DXB01-BAH12,2024-01-01 18:15:00,482.9014049,1493.2,No,SEA,VSL-8022,0.98,14.589,2024-01-02 14:47:00,0.222222222,0.133333333,2024-01-01 18:21:00,2024-01-02 15:00:00,13,Dubai Central Hub,Bahrain Regional Hub,United Arab Emirates,Bahrain,GCC Central Region,GCC Northern Region,25.2048,55.2708,26.2285,50.586,Dubai Central Hub -> Bahrain Regional Hub
SHP484364,DXB01,BAH12,DXB01-BAH12,2024-01-02 08:00:00,482.9014049,1726,Yes,SEA,VSL-8003,0.809849793,12.663,2024-01-03 03:10:00,0.62962963,0.333333333,2024-01-02 08:31:00,2024-01-03 03:30:00,20,Dubai Central Hub,Bahrain Regional Hub,United Arab Emirates,Bahrain,GCC Central Region,GCC Northern Region,25.2048,55.2708,26.2285,50.586,Dubai Central Hub -> Bahrain Regional Hub
SHP426868,DXB01,BAH12,DXB01-BAH12,2024-01-02 12:45:00,482.9014049,1267.9,No,SEA,VSL-8011,0.882160598,14.516,2024-01-03 09:38:00,0.222222222,0.133333333,2024-01-02 13:23:00,2024-01-03 10:14:00,36,Dubai Central Hub,Bahrain Regional Hub,United Arab Emirates,Bahrain,GCC Central Region,GCC Northern Region,25.2048,55.2708,26.2285,50.586,Dubai Central Hub -> Bahrain Regional Hub
SHP412023,DXB01,BAH12,DXB01-BAH12,2024-01-03 07:15:00,482.9014049,2274.7,No,SEA,VSL-8011,0.882160598,15.563,2024-01-04 05:17:00,0.518518518,0,2024-01-03 07:58:00,2024-01-04 06:23:00,66,Dubai Central Hub,Bahrain Regional Hub,United Arab Emirates,Bahrain,GCC Central Region,GCC Northern Region,25.2048,55.2708,26.2285,50.586,Dubai Central Hub -> Bahrain Regional Hub
SHP453619,DXB01,BAH12,DXB01-BAH12,2024-01-03 08:30:00,482.9014049,3818.2,No,SEA,VSL-8037,0.96886876,13.688,2024-01-04 04:54:00,0.703703704,0.133333333,2024-01-03 09:23:00,2024-01-04 05:33:00,39,Dubai Central Hub,Bahrain Regional Hub,United Arab Emirates,Bahrain,GCC Central Region,GCC Northern Region,25.2048,55.2708,26.2285,50.586,Dubai Central Hub -> Bahrain Regional Hub
SHP498664,DXB01,BAH12,DXB01-BAH12,2024-01-04 03:45:00,482.9014049,1393,No,SEA,VSL-8025,0.873447857,12.768,2024-01-04 22:39:00,0,0.066666667,2024-01-04 03:45:00,2024-01-04 22:58:00,19,Dubai Central Hub,Bahrain Regional Hub,United Arab Emirates,Bahrain,GCC Central Region,GCC Northern Region,25.2048,55.2708,26.2285,50.586,Dubai Central Hub -> Bahrain Regional Hub
SHP449048,DXB01,BAH12,DXB01-BAH12,2024-01-04 10:45:00,482.9014049,2639.6,No,SEA,VSL-8003,0.809849793,12.762,2024-01-05 05:54:00,0.259259259,0.066666667,2024-01-04 11:05:00,2024-01-05 06:25:00,31,Dubai Central Hub,Bahrain Regional Hub,United Arab Emirates,Bahrain,GCC Central Region,GCC Northern Region,25.2048,55.2708,26.2285,50.586,Dubai Central Hub -> Bahrain Regional Hub
SHP413559,DXB01,BAH12,DXB01-BAH12,2024-01-04 11:00:00,482.9014049,1797.2,No,SEA,VSL-8039,0.852806053,17.539,2024-01-05 10:41:00,0.148148148,0,2024-01-04 11:13:00,2024-01-05 11:32:00,51,Dubai Central Hub,Bahrain Regional Hub,United Arab Emirates,Bahrain,GCC Central Region,GCC Northern Region,25.2048,55.2708,26.2285,50.586,Dubai Central Hub -> Bahrain Regional Hub
SHP411031,DXB01,BAH12,DXB01-BAH12,2024-01-04 19:00:00,482.9014049,5608.3,No,SEA,VSL-8017,0.858697663,16.308,2024-01-05 18:07:00,0.296296296,0.266666667,2024-01-04 18:58:00,2024-01-05 18:13:00,6,Dubai Central Hub,Bahrain Regional Hub,United Arab Emirates,Bahrain,GCC Central Region,GCC Northern Region,25.2048,55.2708,26.2285,50.586,Dubai Central Hub -> Bahrain Regional Hub
SHP411747,DXB01,BAH12,DXB01-BAH12,2024-01-05 08:45:00,482.9014049,4348.3,No,SEA,VSL-8029,0.98,15.125,2024-01-06 06:48:00,0.259259259,0,2024-01-05 09:48:00,2024-01-06 07:56:00,68,Dubai Central Hub,Bahrain Regional Hub,United Arab Emirates,Bahrain,GCC Central Region,GCC Northern Region,25.2048,55.2708,26.2285,50.586,Dubai Central Hub -> Bahrain Regional Hub
SHP447557,DXB01,BAH12,DXB01-BAH12,2024-01-05 11:30:00,482.9014049,2049.6,No,SEA,VSL-8038,0.756344382,18.931,2024-01-06 12:54:00,0.148148148,0.2,2024-01-05 11:55:00,2024-01-06 13:12:00,18,Dubai Central Hub,Bahrain Regional Hub,United Arab Emirates,Bahrain,GCC Central Region,GCC Northern Region,25.2048,55.2708,26.2285,50.586,Dubai Central Hub -> Bahrain Regional Hub
SHP441509,DXB01,BAH12,DXB01-BAH12,2024-01-06 06:15:00,482.9014049,2555.3,No,SEA,VSL-8035,0.938248254,13.686,2024-01-07 02:22:00,0.37037037,0.133333333,2024-01-06 06:33:00,2024-01-07 03:10:00,48,Dubai Central Hub,Bahrain Regional Hub,United Arab Emirates,Bahrain,GCC Central Region,GCC Northern Region,25.2048,55.2708,26.2285,50.586,Dubai Central Hub -> Bahrain Regional Hub
SHP484945,DXB01,BAH12,DXB01-BAH12,2024-01-06 14:45:00,482.9014049,2163.5,No,SEA,VSL-8015,0.920678714,15.42,2024-01-07 12:23:00,0.185185185,0.133333333,2024-01-06 14:48:00,2024-01-07 13:25:00,62,Dubai Central Hub,Bahrain Regional Hub,United Arab Emirates,Bahrain,GCC Central Region,GCC Northern Region,25.2048,55.2708,26.2285,50.586,Dubai Central Hub -> Bahrain Regional Hub
SHP493467,DXB01,BAH12,DXB01-BAH12,2024-01-06 16:00:00,482.9014049,1561.5,No,SEA,VSL-8032,0.873086148,16.582,2024-01-07 15:00:00,0.518518518,0.333333333,2024-01-06 17:01:00,2024-01-07 15:30:00,30,Dubai Central Hub,Bahrain Regional Hub,United Arab Emirates,Bahrain,GCC Central Region,GCC Northern Region,25.2048,55.2708,26.2285,50.586,Dubai Central Hub -> Bahrain Regional Hub
SHP435402,DXB01,BAH12,DXB01-BAH12,2024-01-07 08:00:00,482.9014049,1531.1,No,SEA,VSL-8022,0.98,15.394,2024-01-08 05:40:00,0.518518518,0.266666667,2024-01-07 08:47:00,2024-01-08 06:37:00,57,Dubai Central Hub,Bahrain Regional Hub,United Arab Emirates,Bahrain,GCC Central Region,GCC Northern Region,25.2048,55.2708,26.2285,50.586,Dubai Central Hub -> Bahrain Regional Hub
SHP442136,DXB01,BAH12,DXB01-BAH12,2024-01-07 08:30:00,482.9014049,4610.2,No,SEA,VSL-8028,0.915493729,14.579,2024-01-08 05:37:00,0.518518518,0.266666667,2024-01-07 09:05:00,2024-01-08 06:00:00,23,Dubai Central Hub,Bahrain Regional Hub,United Arab Emirates,Bahrain,GCC Central Region,GCC Northern Region,25.2048,55.2708,26.2285,50.586,Dubai Central Hub -> Bahrain Regional Hub
SHP465763,DXB01,BAH12,DXB01-BAH12,2024-01-07 09:30:00,482.9014049,1346.4,No,SEA,VSL-8011,0.882160598,15.573,2024-01-08 07:04:00,0.444444444,0,2024-01-07 10:22:00,2024-01-08 07:48:00,44,Dubai Central Hub,Bahrain Regional Hub,United Arab Emirates,Bahrain,GCC Central Region,GCC Northern Region,25.2048,55.2708,26.2285,50.586,Dubai Central Hub -> Bahrain Regional Hub
SHP463541,DXB01,BAH12,DXB01-BAH12,2024-01-07 16:45:00,482.9014049,1289.8,No,SEA,VSL-8032,0.873086148,17.088,2024-01-08 16:05:00,0.333333333,0.133333333,2024-01-07 17:25:00,2024-01-08 16:35:00,30,Dubai Central Hub,Bahrain Regional Hub,United Arab Emirates,Bahrain,GCC Central Region,GCC Northern Region,25.2048,55.2708,26.2285,50.586,Dubai Central Hub -> Bahrain Regional Hub
SHP431531,DXB01,BAH12,DXB01-BAH12,2024-01-08 07:00:00,482.9014049,1556.2,No,SEA,VSL-8029,0.98,12.66,2024-01-09 01:19:00,0.555555556,0.266666667,2024-01-08 07:39:00,2024-01-09 02:23:00,64,Dubai Central Hub,Bahrain Regional Hub,United Arab Emirates,Bahrain,GCC Central Region,GCC Northern Region,25.2048,55.2708,26.2285,50.586,Dubai Central Hub -> Bahrain Regional Hub
SHP454357,DXB01,BAH12,DXB01-BAH12,2024-01-08 07:15:00,482.9014049,2073.5,No,SEA,VSL-8031,0.843532674,15.723,2024-01-09 05:17:00,0.555555556,0.066666667,2024-01-08 08:04:00,2024-01-09 06:11:00,54,Dubai Central Hub,Bahrain Regional Hub,United Arab Emirates,Bahrain,GCC Central Region,GCC Northern Region,25.2048,55.2708,26.2285,50.586,Dubai Central Hub -> Bahrain Regional Hub
SHP459605,DXB01,BAH12,DXB01-BAH12,2024-01-08 15:00:00,482.9014049,1632.4,No,SEA,VSL-8015,0.920678714,15.936,2024-01-09 13:22:00,0.296296296,0.266666667,2024-01-08 15:18:00,2024-01-09 14:17:00,55,Dubai Central Hub,Bahrain Regional Hub,United Arab Emirates,Bahrain,GCC Central Region,GCC Northern Region,25.2048,55.2708,26.2285,50.586,Dubai Central Hub -> Bahrain Regional Hub
SHP409258,DXB01,BAH12,DXB01-BAH12,2024-01-08 15:15:00,482.9014049,1266.3,No,SEA,VSL-8019,0.98,15.617,2024-01-09 13:00:00,0.296296296,0.266666667,2024-01-08 15:30:00,2024-01-09 12:54:00,-6,Dubai Central Hub,Bahrain Regional Hub,United Arab Emirates,Bahrain,GCC Central Region,GCC Northern Region,25.2048,55.2708,26.2285,50.586,Dubai Central Hub -> Bahrain Regional Hub
SHP436167,DXB01,BAH12,DXB01-BAH12,2024-01-08 18:15:00,482.9014049,1964,Yes,SEA,VSL-8015,0.920678714,14.628,2024-01-09 15:08:00,0.148148148,0.466666667,2024-01-08 18:22:00,2024-01-09 15:55:00,47,Dubai Central Hub,Bahrain Regional Hub,United Arab Emirates,Bahrain,GCC Central Region,GCC Northern Region,25.2048,55.2708,26.2285,50.586,Dubai Central Hub -> Bahrain Regional Hub
SHP462714,DXB01,BAH12,DXB01-BAH12,2024-01-08 19:00:00,482.9014049,1803.7,No,SEA,VSL-8024,0.98,15.156,2024-01-09 16:43:00,0.259259259,0.533333333,2024-01-08 19:27:00,2024-01-09 16:57:00,14,Dubai Central Hub,Bahrain Regional Hub,United Arab Emirates,Bahrain,GCC Central Region,GCC Northern Region,25.2048,55.2708,26.2285,50.586,Dubai Central Hub -> Bahrain Regional Hub
SHP494270,DXB01,BAH12,DXB01-BAH12,2024-01-08 22:00:00,482.9014049,1643.9,No,SEA,VSL-8037,0.96886876,13.316,2024-01-09 17:27:00,0,0.4,2024-01-08 22:29:00,2024-01-09 18:15:00,48,Dubai Central Hub,Bahrain Regional Hub,United Arab Emirates,Bahrain,GCC Central Region,GCC Northern Region,25.2048,55.2708,26.2285,50.586,Dubai Central Hub -> Bahrain Regional Hub
SHP499520,DXB01,BAH12,DXB01-BAH12,2024-01-09 03:00:00,482.9014049,2898.5,No,SEA,VSL-8026,0.98,15.329,2024-01-10 00:37:00,0.111111111,0.266666667,2024-01-09 03:45:00,2024-01-10 01:42:00,65,Dubai Central Hub,Bahrain Regional Hub,United Arab Emirates,Bahrain,GCC Central Region,GCC Northern Region,25.2048,55.2708,26.2285,50.586,Dubai Central Hub -> Bahrain Regional Hub
SHP497934,DXB01,BAH12,DXB01-BAH12,2024-01-10 16:15:00,482.9014049,2243.7,No,SEA,VSL-8025,0.873447857,13.72,2024-01-11 12:30:00,0.555555556,0.066666667,2024-01-10 17:04:00,2024-01-11 13:45:00,75,Dubai Central Hub,Bahrain Regional Hub,United Arab Emirates,Bahrain,GCC Central Region,GCC Northern Region,25.2048,55.2708,26.2285,50.586,Dubai Central Hub -> Bahrain Regional Hub
SHP465185,DXB01,BAH12,DXB01-BAH12,2024-01-10 16:45:00,482.9014049,2859.7,No,SEA,VSL-8009,0.927904813,15.581,2024-01-11 14:41:00,0.555555556,0.333333333,2024-01-10 17:47:00,2024-01-11 16:08:00,87,Dubai Central Hub,Bahrain Regional Hub,United Arab Emirates,Bahrain,GCC Central Region,GCC Northern Region,25.2048,55.2708,26.2285,50.586,Dubai Central Hub -> Bahrain Regional Hub
SHP436500,DXB01,BAH12,DXB01-BAH12,2024-01-11 18:45:00,482.9014049,1353.3,No,SEA,VSL-8039,0.852806053,16.351,2024-01-12 17:36:00,0.074074074,0.2,2024-01-11 19:13:00,2024-01-12 18:05:00,29,Dubai Central Hub,Bahrain Regional Hub,United Arab Emirates,Bahrain,GCC Central Region,GCC Northern Region,25.2048,55.2708,26.2285,50.586,Dubai Central Hub -> Bahrain Regional Hub
SHP426664,DXB01,BAH12,DXB01-BAH12,2024-01-13 13:30:00,482.9014049,2153.3,No,SEA,VSL-8000,0.98,14.14,2024-01-14 10:02:00,0.407407407,0.066666667,2024-01-13 14:01:00,2024-01-14 11:00:00,58,Dubai Central Hub,Bahrain Regional Hub,United Arab Emirates,Bahrain,GCC Central Region,GCC Northern Region,25.2048,55.2708,26.2285,50.586,Dubai Central Hub -> Bahrain Regional Hub
SHP497361,DXB01,BAH12,DXB01-BAH12,2024-01-13 17:45:00,482.9014049,2855.9,No,SEA,VSL-8009,0.927904813,12.812,2024-01-14 13:16:00,0.37037037,0.133333333,2024-01-13 18:18:00,2024-01-14 13:26:00,10,Dubai Central Hub,Bahrain Regional Hub,United Arab Emirates,Bahrain,GCC Central Region,GCC Northern Region,25.2048,55.2708,26.2285,50.586,Dubai Central Hub -> Bahrain Regional Hub
SHP421468,DXB01,BAH12,DXB01-BAH12,2024-01-14 05:45:00,482.9014049,1816.8,No,SEA,VSL-8011,0.882160598,18.641,2024-01-15 06:35:00,0.222222222,0.066666667,2024-01-14 05:49:00,2024-01-15 07:05:00,30,Dubai Central Hub,Bahrain Regional Hub,United Arab Emirates,Bahrain,GCC Central Region,GCC Northern Region,25.2048,55.2708,26.2285,50.586,Dubai Central Hub -> Bahrain Regional Hub
SHP438425,DXB01,BAH12,DXB01-BAH12,2024-01-14 09:30:00,482.9014049,1268.9,No,SEA,VSL-8036,0.867673721,14.468,2024-01-15 06:26:00,0.333333333,0.066666667,2024-01-14 09:51:00,2024-01-15 06:33:00,7,Dubai Central Hub,Bahrain Regional Hub,United Arab Emirates,Bahrain,GCC Central Region,GCC Northern Region,25.2048,55.2708,26.2285,50.586,Dubai Central Hub -> Bahrain Regional Hub
SHP466951,DXB01,BAH12,DXB01-BAH12,2024-01-15 00:00:00,482.9014049,1224.7,No,SEA,VSL-8004,0.72212827,14.035,2024-01-15 20:15:00,0.111111111,0.266666667,2024-01-15 00:02:00,2024-01-15 20:32:00,17,Dubai Central Hub,Bahrain Regional Hub,United Arab Emirates,Bahrain,GCC Central Region,GCC Northern Region,25.2048,55.2708,26.2285,50.586,Dubai Central Hub -> Bahrain Regional Hub
SHP421059,DXB01,BAH12,DXB01-BAH12,2024-01-15 06:15:00,482.9014049,1461.6,No,SEA,VSL-8030,0.878293771,13.518,2024-01-16 02:01:00,0.185185185,0.333333333,2024-01-15 06:46:00,2024-01-16 03:06:00,65,Dubai Central Hub,Bahrain Regional Hub,United Arab Emirates,Bahrain,GCC Central Region,GCC Northern Region,25.2048,55.2708,26.2285,50.586,Dubai Central Hub -> Bahrain Regional Hub
SHP402674,DXB01,BAH12,DXB01-BAH12,2024-01-15 06:45:00,482.9014049,2298.1,No,SEA,VSL-8003,0.809849793,15.238,2024-01-16 04:06:00,0.185185185,0.066666667,2024-01-15 07:06:00,2024-01-16 05:32:00,86,Dubai Central Hub,Bahrain Regional Hub,United Arab Emirates,Bahrain,GCC Central Region,GCC Northern Region,25.2048,55.2708,26.2285,50.586,Dubai Central Hub -> Bahrain Regional Hub
SHP477831,DXB01,BAH12,DXB01-BAH12,2024-01-15 09:45:00,482.9014049,1253.9,No,SEA,VSL-8008,0.866425663,16.478,2024-01-16 08:28:00,0.444444444,0.066666667,2024-01-15 10:05:00,2024-01-16 10:43:00,135,Dubai Central Hub,Bahrain Regional Hub,United Arab Emirates,Bahrain,GCC Central Region,GCC Northern Region,25.2048,55.2708,26.2285,50.586,Dubai Central Hub -> Bahrain Regional Hub
SHP411030,DXB01,BAH12,DXB01-BAH12,2024-01-15 14:30:00,482.9014049,1442.9,No,SEA,VSL-8026,0.98,14.204,2024-01-16 11:02:00,0.222222222,0.066666667,2024-01-15 15:02:00,2024-01-16 11:55:00,53,Dubai Central Hub,Bahrain Regional Hub,United Arab Emirates,Bahrain,GCC Central Region,GCC Northern Region,25.2048,55.2708,26.2285,50.586,Dubai Central Hub -> Bahrain Regional Hub
SHP457599,DXB01,BAH12,DXB01-BAH12,2024-01-15 18:45:00,482.9014049,1286.1,No,SEA,VSL-8002,0.856831186,14.789,2024-01-16 15:55:00,0.333333333,0.466666667,2024-01-15 19:14:00,2024-01-16 17:33:00,98,Dubai Central Hub,Bahrain Regional Hub,United Arab Emirates,Bahrain,GCC Central Region,GCC Northern Region,25.2048,55.2708,26.2285,50.586,Dubai Central Hub -> Bahrain Regional Hub
SHP407454,DXB01,BAH12,DXB01-BAH12,2024-01-17 00:15:00,482.9014049,1375.5,No,SEA,VSL-8016,0.940099561,15.209,2024-01-17 21:51:00,0.074074074,0.066666667,2024-01-17 01:03:00,2024-01-17 23:56:00,125,Dubai Central Hub,Bahrain Regional Hub,United Arab Emirates,Bahrain,GCC Central Region,GCC Northern Region,25.2048,55.2708,26.2285,50.586,Dubai Central Hub -> Bahrain Regional Hub
SHP407823,DXB01,BAH12,DXB01-BAH12,2024-01-18 11:15:00,482.9014049,1672.8,No,SEA,VSL-8015,0.920678714,14.706,2024-01-19 08:07:00,0.37037037,0,2024-01-18 11:36:00,2024-01-19 08:02:00,-5,Dubai Central Hub,Bahrain Regional Hub,United Arab Emirates,Bahrain,GCC Central Region,GCC Northern Region,25.2048,55.2708,26.2285,50.586,Dubai Central Hub -> Bahrain Regional Hub
SHP434014,DXB01,BAH12,DXB01-BAH12,2024-01-19 16:15:00,482.9014049,2265.5,No,SEA,VSL-8025,0.873447857,13.939,2024-01-20 12:26:00,0.407407407,0.2,2024-01-19 16:45:00,2024-01-20 13:08:00,42,Dubai Central Hub,Bahrain Regional Hub,United Arab Emirates,Bahrain,GCC Central Region,GCC Northern Region,25.2048,55.2708,26.2285,50.586,Dubai Central Hub -> Bahrain Regional Hub
SHP415108,DXB01,BAH12,DXB01-BAH12,2024-01-20 04:15:00,482.9014049,1782.6,No,SEA,VSL-8031,0.843532674,15.186,2024-01-21 01:42:00,0.074074074,0.2,2024-01-20 04:30:00,2024-01-21 02:13:00,31,Dubai Central Hub,Bahrain Regional Hub,United Arab Emirates,Bahrain,GCC Central Region,GCC Northern Region,25.2048,55.2708,26.2285,50.586,Dubai Central Hub -> Bahrain Regional Hub
SHP470451,DXB01,BAH12,DXB01-BAH12,2024-01-20 21:00:00,482.9014049,1547.8,No,SEA,VSL-8007,0.926093056,14.828,2024-01-21 17:55:00,0.148148148,0.333333333,2024-01-20 21:12:00,2024-01-21 18:25:00,30,Dubai Central Hub,Bahrain Regional Hub,United Arab Emirates,Bahrain,GCC Central Region,GCC Northern Region,25.2048,55.2708,26.2285,50.586,Dubai Central Hub -> Bahrain Regional Hub
SHP494443,DXB01,BAH12,DXB01-BAH12,2024-01-23 14:15:00,482.9014049,1286.8,No,SEA,VSL-8013,0.894833961,13.302,2024-01-24 09:55:00,0.259259259,0,2024-01-23 14:43:00,2024-01-24 10:20:00,25,Dubai Central Hub,Bahrain Regional Hub,United Arab Emirates,Bahrain,GCC Central Region,GCC Northern Region,25.2048,55.2708,26.2285,50.586,Dubai Central Hub -> Bahrain Regional Hub
SHP470274,DXB01,BAH12,DXB01-BAH12,2024-01-24 11:15:00,482.9014049,2106.7,No,SEA,VSL-8007,0.926093056,15.128,2024-01-25 08:50:00,0.111111111,0,2024-01-24 11:32:00,2024-01-25 09:33:00,43,Dubai Central Hub,Bahrain Regional Hub,United Arab Emirates,Bahrain,GCC Central Region,GCC Northern Region,25.2048,55.2708,26.2285,50.586,Dubai Central Hub -> Bahrain Regional Hub
SHP408046,DXB01,BAH12,DXB01-BAH12,2024-01-24 14:45:00,482.9014049,1986.3,No,SEA,VSL-8016,0.940099561,12.736,2024-01-25 10:05:00,0.185185185,0.133333333,2024-01-24 14:54:00,2024-01-25 10:46:00,41,Dubai Central Hub,Bahrain Regional Hub,United Arab Emirates,Bahrain,GCC Central Region,GCC Northern Region,25.2048,55.2708,26.2285,50.586,Dubai Central Hub -> Bahrain Regional Hub
SHP479066,DXB01,BAH12,DXB01-BAH12,2024-01-25 07:30:00,482.9014049,1582.7,No,SEA,VSL-8017,0.858697663,20.264,2024-01-26 10:08:00,0.333333333,0,2024-01-25 08:04:00,2024-01-26 11:23:00,75,Dubai Central Hub,Bahrain Regional Hub,United Arab Emirates,Bahrain,GCC Central Region,GCC Northern Region,25.2048,55.2708,26.2285,50.586,Dubai Central Hub -> Bahrain Regional Hub
SHP493020,DXB01,BAH12,DXB01-BAH12,2024-01-25 16:45:00,482.9014049,1413.5,No,SEA,VSL-8026,0.98,16.258,2024-01-26 15:13:00,0.518518518,0.333333333,2024-01-25 17:29:00,2024-01-26 15:24:00,11,Dubai Central Hub,Bahrain Regional Hub,United Arab Emirates,Bahrain,GCC Central Region,GCC Northern Region,25.2048,55.2708,26.2285,50.586,Dubai Central Hub -> Bahrain Regional Hub
SHP474328,DXB01,BAH12,DXB01-BAH12,2024-01-25 17:15:00,482.9014049,1315.2,No,SEA,VSL-8036,0.867673721,15.865,2024-01-26 15:17:00,0.481481481,0.333333333,2024-01-25 17:50:00,2024-01-26 16:04:00,47,Dubai Central Hub,Bahrain Regional Hub,United Arab Emirates,Bahrain,GCC Central Region,GCC Northern Region,25.2048,55.2708,26.2285,50.586,Dubai Central Hub -> Bahrain Regional Hub
SHP449804,DXB01,BAH12,DXB01-BAH12,2024-01-25 18:30:00,482.9014049,3292.5,No,SEA,VSL-8002,0.856831186,16.247,2024-01-26 17:10:00,0.259259259,0.266666667,2024-01-25 18:46:00,2024-01-26 17:19:00,9,Dubai Central Hub,Bahrain Regional Hub,United Arab Emirates,Bahrain,GCC Central Region,GCC Northern Region,25.2048,55.2708,26.2285,50.586,Dubai Central Hub -> Bahrain Regional Hub
SHP489826,DXB01,BAH12,DXB01-BAH12,2024-01-25 19:45:00,482.9014049,2765,No,SEA,VSL-8003,0.809849793,14.688,2024-01-26 16:51:00,0.074074074,0.4,2024-01-25 20:09:00,2024-01-26 17:56:00,65,Dubai Central Hub,Bahrain Regional Hub,United Arab Emirates,Bahrain,GCC Central Region,GCC Northern Region,25.2048,55.2708,26.2285,50.586,Dubai Central Hub -> Bahrain Regional Hub
SHP453587,DXB01,BAH12,DXB01-BAH12,2024-01-27 07:30:00,482.9014049,1598.7,No,SEA,VSL-8026,0.98,15.243,2024-01-28 05:07:00,0.555555556,0.2,2024-01-27 08:13:00,2024-01-28 05:39:00,32,Dubai Central Hub,Bahrain Regional Hub,United Arab Emirates,Bahrain,GCC Central Region,GCC Northern Region,25.2048,55.2708,26.2285,50.586,Dubai Central Hub -> Bahrain Regional Hub
SHP455522,DXB01,BAH12,DXB01-BAH12,2024-01-27 09:15:00,482.9014049,1294.3,No,SEA,VSL-8028,0.915493729,15.579,2024-01-28 06:50:00,0.296296296,0,2024-01-27 09:54:00,2024-01-28 07:20:00,30,Dubai Central Hub,Bahrain Regional Hub,United Arab Emirates,Bahrain,GCC Central Region,GCC Northern Region,25.2048,55.2708,26.2285,50.586,Dubai Central Hub -> Bahrain Regional Hub
SHP491222,DXB01,BAH12,DXB01-BAH12,2024-01-27 09:30:00,482.9014049,2385.8,No,SEA,VSL-8037,0.96886876,12.678,2024-01-28 04:23:00,0.296296296,0.2,2024-01-27 09:38:00,2024-01-28 04:37:00,14,Dubai Central Hub,Bahrain Regional Hub,United Arab Emirates,Bahrain,GCC Central Region,GCC Northern Region,25.2048,55.2708,26.2285,50.586,Dubai Central Hub -> Bahrain Regional Hub
SHP476998,DXB01,BAH12,DXB01-BAH12,2024-01-28 07:00:00,482.9014049,3107.3,No,SEA,VSL-8035,0.938248254,14.839,2024-01-29 04:13:00,0.333333333,0.133333333,2024-01-28 07:17:00,2024-01-29 04:31:00,18,Dubai Central Hub,Bahrain Regional Hub,United Arab Emirates,Bahrain,GCC Central Region,GCC Northern Region,25.2048,55.2708,26.2285,50.586,Dubai Central Hub -> Bahrain Regional Hub
SHP408322,DXB01,BAH12,DXB01-BAH12,2024-01-29 07:30:00,482.9014049,,No,SEA,VSL-8017,0.858697663,14.414,2024-01-30 04:32:00,0.333333333,0.266666667,2024-01-29 08:04:00,2024-01-30 04:57:00,25,Dubai Central Hub,Bahrain Regional Hub,United Arab Emirates,Bahrain,GCC Central Region,GCC Northern Region,25.2048,55.2708,26.2285,50.586,Dubai Central Hub -> Bahrain Regional Hub
SHP413780,DXB01,BAH12,DXB01-BAH12,2024-01-30 06:30:00,482.9014049,1678.4,No,SEA,VSL-8015,0.920678714,14.023,2024-01-31 02:41:00,0.37037037,0.133333333,2024-01-30 07:05:00,2024-01-31 03:21:00,40,Dubai Central Hub,Bahrain Regional Hub,United Arab Emirates,Bahrain,GCC Central Region,GCC Northern Region,25.2048,55.2708,26.2285,50.586,Dubai Central Hub -> Bahrain Regional Hub
SHP439160,DXB01,BAH12,DXB01-BAH12,2024-01-31 05:45:00,482.9014049,3800.5,No,SEA,VSL-8019,0.98,17.194,2024-02-01 05:33:00,0.074074074,0.133333333,2024-01-31 06:51:00,2024-02-01 06:20:00,47,Dubai Central Hub,Bahrain Regional Hub,United Arab Emirates,Bahrain,GCC Central Region,GCC Northern Region,25.2048,55.2708,26.2285,50.586,Dubai Central Hub -> Bahrain Regional Hub
SHP484443,DXB01,BAH12,DXB01-BAH12,2024-01-31 09:45:00,482.9014049,2303.8,No,SEA,VSL-8012,0.905968648,13.985,2024-02-01 06:07:00,0.222222222,0.066666667,2024-01-31 10:22:00,2024-02-01 06:27:00,20,Dubai Central Hub,Bahrain Regional Hub,United Arab Emirates,Bahrain,GCC Central Region,GCC Northern Region,25.2048,55.2708,26.2285,50.586,Dubai Central Hub -> Bahrain Regional Hub
SHP484567,DXB01,BAH12,DXB01-BAH12,2024-01-31 15:15:00,482.9014049,3976.2,No,SEA,VSL-8018,0.953868925,16.146,2024-02-01 14:15:00,0.37037037,0.733333333,2024-01-31 15:53:00,2024-02-01 15:19:00,64,Dubai Central Hub,Bahrain Regional Hub,United Arab Emirates,Bahrain,GCC Central Region,GCC Northern Region,25.2048,55.2708,26.2285,50.586,Dubai Central Hub -> Bahrain Regional Hub
SHP432753,DXB01,BAH12,DXB01-BAH12,2024-01-31 15:45:00,482.9014049,4543.9,No,SEA,VSL-8004,0.72212827,15.55,2024-02-01 14:15:00,0.37037037,0.733333333,2024-01-31 16:40:00,2024-02-01 15:52:00,97,Dubai Central Hub,Bahrain Regional Hub,United Arab Emirates,Bahrain,GCC Central Region,GCC Northern Region,25.2048,55.2708,26.2285,50.586,Dubai Central Hub -> Bahrain Regional Hub
SHP499309,DXB01,BAH12,DXB01-BAH12,2024-02-01 07:15:00,482.9014049,2481.3,No,SEA,VSL-8026,0.98,13.502,2024-02-02 03:12:00,0.333333333,0.066666667,2024-02-01 08:03:00,2024-02-02 04:00:00,48,Dubai Central Hub,Bahrain Regional Hub,United Arab Emirates,Bahrain,GCC Central Region,GCC Northern Region,25.2048,55.2708,26.2285,50.586,Dubai Central Hub -> Bahrain Regional Hub
SHP403644,DXB01,BAH12,DXB01-BAH12,2024-02-01 08:45:00,482.9014049,3309.1,No,SEA,VSL-8001,0.953711099,16.097,2024-02-02 07:33:00,0.518518518,0.066666667,2024-02-01 09:37:00,2024-02-02 07:53:00,20,Dubai Central Hub,Bahrain Regional Hub,United Arab Emirates,Bahrain,GCC Central Region,GCC Northern Region,25.2048,55.2708,26.2285,50.586,Dubai Central Hub -> Bahrain Regional Hub
SHP442246,DXB01,BAH12,DXB01-BAH12,2024-02-02 17:45:00,482.9014049,1661,No,SEA,VSL-8017,0.858697663,15.627,2024-02-03 15:51:00,0.407407407,0.266666667,2024-02-02 17:56:00,2024-02-03 16:19:00,28,Dubai Central Hub,Bahrain Regional Hub,United Arab Emirates,Bahrain,GCC Central Region,GCC Northern Region,25.2048,55.2708,26.2285,50.586,Dubai Central Hub -> Bahrain Regional Hub
SHP441770,DXB01,BAH12,DXB01-BAH12,2024-02-02 18:00:00,482.9014049,1563.6,No,SEA,VSL-8030,0.878293771,17.11,2024-02-03 17:14:00,0.185185185,0.266666667,2024-02-02 18:03:00,2024-02-03 17:55:00,41,Dubai Central Hub,Bahrain Regional Hub,United Arab Emirates,Bahrain,GCC Central Region,GCC Northern Region,25.2048,55.2708,26.2285,50.586,Dubai Central Hub -> Bahrain Regional Hub
SHP464204,DXB01,BAH12,DXB01-BAH12,2024-02-02 20:30:00,482.9014049,1674.1,No,SEA,VSL-8011,0.882160598,15.647,2024-02-03 18:25:00,0.222222222,0.266666667,2024-02-02 21:07:00,2024-02-03 18:33:00,8,Dubai Central Hub,Bahrain Regional Hub,United Arab Emirates,Bahrain,GCC Central Region,GCC Northern Region,25.2048,55.2708,26.2285,50.586,Dubai Central Hub -> Bahrain Regional Hub
SHP487201,DXB01,BAH12,DXB01-BAH12,2024-02-03 08:00:00,482.9014049,1286.2,Yes,SEA,VSL-8004,0.72212827,18.214,2024-02-04 08:41:00,0.481481481,0,2024-02-03 08:39:00,2024-02-04 09:17:00,36,Dubai Central Hub,Bahrain Regional Hub,United Arab Emirates,Bahrain,GCC Central Region,GCC Northern Region,25.2048,55.2708,26.2285,50.586,Dubai Central Hub -> Bahrain Regional Hub
SHP400475,DXB01,BAH12,DXB01-BAH12,2024-02-03 12:30:00,482.9014049,1636.6,No,SEA,VSL-8006,0.98,15.675,2024-02-04 10:26:00,0.185185185,0.066666667,2024-02-03 13:00:00,2024-02-04 10:48:00,22,Dubai Central Hub,Bahrain Regional Hub,United Arab Emirates,Bahrain,GCC Central Region,GCC Northern Region,25.2048,55.2708,26.2285,50.586,Dubai Central Hub -> Bahrain Regional Hub
SHP416422,DXB01,BAH12,DXB01-BAH12,2024-02-03 23:15:00,482.9014049,1343.4,No,SEA,VSL-8021,0.846738261,13.595,2024-02-04 18:57:00,0.074074074,0.2,2024-02-03 23:25:00,2024-02-04 19:27:00,30,Dubai Central Hub,Bahrain Regional Hub,United Arab Emirates,Bahrain,GCC Central Region,GCC Northern Region,25.2048,55.2708,26.2285,50.586,Dubai Central Hub -> Bahrain Regional Hub
SHP473332,DXB01,BAH12,DXB01-BAH12,2024-02-05 08:45:00,482.9014049,3313.9,No,SEA,VSL-8031,0.843532674,14.879,2024-02-06 06:04:00,0.481481481,0,2024-02-05 09:42:00,2024-02-06 07:27:00,83,Dubai Central Hub,Bahrain Regional Hub,United Arab Emirates,Bahrain,GCC Central Region,GCC Northern Region,25.2048,55.2708,26.2285,50.586,Dubai Central Hub -> Bahrain Regional Hub
SHP481886,DXB01,BAH12,DXB01-BAH12,2024-02-06 17:00:00,482.9014049,2001.7,No,SEA,VSL-8033,0.927140037,15.073,2024-02-07 14:26:00,0.555555556,0.2,2024-02-06 17:35:00,2024-02-07 15:15:00,49,Dubai Central Hub,Bahrain Regional Hub,United Arab Emirates,Bahrain,GCC Central Region,GCC Northern Region,25.2048,55.2708,26.2285,50.586,Dubai Central Hub -> Bahrain Regional Hub
SHP466767,DXB01,BAH12,DXB01-BAH12,2024-02-07 06:45:00,482.9014049,6188.5,No,SEA,VSL-8017,0.858697663,14.436,2024-02-08 04:03:00,0.185185185,0.333333333,2024-02-07 07:34:00,2024-02-08 04:42:00,39,Dubai Central Hub,Bahrain Regional Hub,United Arab Emirates,Bahrain,GCC Central Region,GCC Northern Region,25.2048,55.2708,26.2285,50.586,Dubai Central Hub -> Bahrain Regional Hub
SHP467114,DXB01,BAH12,DXB01-BAH12,2024-02-07 18:15:00,482.9014049,1372.2,Yes,SEA,VSL-8033,0.927140037,17.124,2024-02-08 17:53:00,0.259259259,0.2,2024-02-07 18:50:00,2024-02-08 18:07:00,14,Dubai Central Hub,Bahrain Regional Hub,United Arab Emirates,Bahrain,GCC Central Region,GCC Northern Region,25.2048,55.2708,26.2285,50.586,Dubai Central Hub -> Bahrain Regional Hub
SHP499804,DXB01,BAH12,DXB01-BAH12,2024-02-08 16:30:00,482.9014049,1733.3,No,SEA,VSL-8004,0.72212827,13.691,2024-02-09 12:33:00,0.518518518,0,2024-02-08 16:48:00,2024-02-09 12:54:00,21,Dubai Central Hub,Bahrain Regional Hub,United Arab Emirates,Bahrain,GCC Central Region,GCC Northern Region,25.2048,55.2708,26.2285,50.586,Dubai Central Hub -> Bahrain Regional Hub
SHP400326,DXB01,BAH12,DXB01-BAH12,2024-02-09 16:45:00,482.9014049,1819,No,SEA,VSL-8031,0.843532674,15.529,2024-02-10 14:25:00,0.407407407,0.266666667,2024-02-09 17:33:00,2024-02-10 15:34:00,69,Dubai Central Hub,Bahrain Regional Hub,United Arab Emirates,Bahrain,GCC Central Region,GCC Northern Region,25.2048,55.2708,26.2285,50.586,Dubai Central Hub -> Bahrain Regional Hub
SHP481849,DXB01,BAH12,DXB01-BAH12,2024-02-09 17:30:00,482.9014049,1437.9,No,SEA,VSL-8036,0.867673721,14.747,2024-02-10 14:37:00,0.666666667,0.266666667,2024-02-09 18:14:00,2024-02-10 15:22:00,45,Dubai Central Hub,Bahrain Regional Hub,United Arab Emirates,Bahrain,GCC Central Region,GCC Northern Region,25.2048,55.2708,26.2285,50.586,Dubai Central Hub -> Bahrain Regional Hub
SHP496579,DXB01,BAH12,DXB01-BAH12,2024-02-10 08:45:00,482.9014049,2031.8,No,SEA,VSL-8019,0.98,16.804,2024-02-11 08:10:00,0.407407407,0.133333333,2024-02-10 09:05:00,2024-02-11 09:12:00,62,Dubai Central Hub,Bahrain Regional Hub,United Arab Emirates,Bahrain,GCC Central Region,GCC Northern Region,25.2048,55.2708,26.2285,50.586,Dubai Central Hub -> Bahrain Regional Hub
SHP419791,DXB01,BAH12,DXB01-BAH12,2024-02-11 08:00:00,482.9014049,3983.5,No,SEA,VSL-8025,0.873447857,12.727,2024-02-12 03:19:00,0.407407407,0.133333333,2024-02-11 08:27:00,2024-02-12 04:22:00,63,Dubai Central Hub,Bahrain Regional Hub,United Arab Emirates,Bahrain,GCC Central Region,GCC Northern Region,25.2048,55.2708,26.2285,50.586,Dubai Central Hub -> Bahrain Regional Hub
SHP497053,DXB01,BAH12,DXB01-BAH12,2024-02-11 18:30:00,482.9014049,3253.1,No,SEA,VSL-8014,0.947448367,13.921,2024-02-12 15:00:00,0.259259259,0.733333333,2024-02-11 19:21:00,2024-02-12 16:28:00,88,Dubai Central Hub,Bahrain Regional Hub,United Arab Emirates,Bahrain,GCC Central Region,GCC Northern Region,25.2048,55.2708,26.2285,50.586,Dubai Central Hub -> Bahrain Regional Hub
SHP416357,DXB01,BAH12,DXB01-BAH12,2024-02-12 08:15:00,482.9014049,2568.4,Yes,SEA,VSL-8005,0.86739027,14.462,2024-02-13 05:27:00,0.444444444,0.133333333,2024-02-12 09:30:00,2024-02-13 06:21:00,54,Dubai Central Hub,Bahrain Regional Hub,United Arab Emirates,Bahrain,GCC Central Region,GCC Northern Region,25.2048,55.2708,26.2285,50.586,Dubai Central Hub -> Bahrain Regional Hub
SHP420020,DXB01,BAH12,DXB01-BAH12,2024-02-12 16:15:00,482.9014049,1213,No,SEA,VSL-8021,0.846738261,15.378,2024-02-13 13:46:00,0.62962963,0.133333333,2024-02-12 16:57:00,2024-02-13 14:42:00,56,Dubai Central Hub,Bahrain Regional Hub,United Arab Emirates,Bahrain,GCC Central Region,GCC Northern Region,25.2048,55.2708,26.2285,50.586,Dubai Central Hub -> Bahrain Regional Hub
SHP488484,DXB01,BAH12,DXB01-BAH12,2024-02-13 01:00:00,482.9014049,3379.9,No,SEA,VSL-8004,0.72212827,15.471,2024-02-13 22:53:00,0,0.2,2024-02-13 01:04:00,2024-02-13 23:21:00,28,Dubai Central Hub,Bahrain Regional Hub,United Arab Emirates,Bahrain,GCC Central Region,GCC Northern Region,25.2048,55.2708,26.2285,50.586,Dubai Central Hub -> Bahrain Regional Hub
SHP477515,DXB01,BAH12,DXB01-BAH12,2024-02-13 06:30:00,482.9014049,2543.5,No,SEA,VSL-8037,0.96886876,14.815,2024-02-14 03:39:00,0.333333333,0,2024-02-13 07:20:00,2024-02-14 04:31:00,52,Dubai Central Hub,Bahrain Regional Hub,United Arab Emirates,Bahrain,GCC Central Region,GCC Northern Region,25.2048,55.2708,26.2285,50.586,Dubai Central Hub -> Bahrain Regional Hub
SHP478570,DXB01,BAH12,DXB01-BAH12,2024-02-13 08:00:00,482.9014049,1695.9,No,SEA,VSL-8028,0.915493729,17.399,2024-02-14 07:40:00,0.333333333,0.133333333,2024-02-13 08:40:00,2024-02-14 07:57:00,17,Dubai Central Hub,Bahrain Regional Hub,United Arab Emirates,Bahrain,GCC Central Region,GCC Northern Region,25.2048,55.2708,26.2285,50.586,Dubai Central Hub -> Bahrain Regional Hub
SHP431348,DXB01,BAH12,DXB01-BAH12,2024-02-13 08:45:00,482.9014049,2950.7,No,SEA,VSL-8005,0.86739027,16.271,2024-02-14 07:27:00,0.333333333,0.133333333,2024-02-13 09:30:00,2024-02-14 08:05:00,38,Dubai Central Hub,Bahrain Regional Hub,United Arab Emirates,Bahrain,GCC Central Region,GCC Northern Region,25.2048,55.2708,26.2285,50.586,Dubai Central Hub -> Bahrain Regional Hub
SHP417648,DXB01,BAH12,DXB01-BAH12,2024-02-13 16:00:00,482.9014049,1289.1,No,SEA,VSL-8026,0.98,17.046,2024-02-14 15:15:00,0.333333333,0.666666667,2024-02-13 16:32:00,2024-02-14 16:03:00,48,Dubai Central Hub,Bahrain Regional Hub,United Arab Emirates,Bahrain,GCC Central Region,GCC Northern Region,25.2048,55.2708,26.2285,50.586,Dubai Central Hub -> Bahrain Regional Hub
SHP437826,DXB01,BAH12,DXB01-BAH12,2024-02-13 17:30:00,482.9014049,2348.5,No,SEA,VSL-8004,0.72212827,14.791,2024-02-14 14:47:00,0.518518518,0.2,2024-02-13 18:08:00,2024-02-14 15:56:00,69,Dubai Central Hub,Bahrain Regional Hub,United Arab Emirates,Bahrain,GCC Central Region,GCC Northern Region,25.2048,55.2708,26.2285,50.586,Dubai Central Hub -> Bahrain Regional Hub
SHP404848,DXB01,BAH12,DXB01-BAH12,2024-02-13 17:45:00,482.9014049,1810.5,No,SEA,VSL-8037,0.96886876,13.115,2024-02-14 13:00:00,0.518518518,0.2,2024-02-13 17:54:00,2024-02-14 13:14:00,14,Dubai Central Hub,Bahrain Regional Hub,United Arab Emirates,Bahrain,GCC Central Region,GCC Northern Region,25.2048,55.2708,26.2285,50.586,Dubai Central Hub -> Bahrain Regional Hub
SHP431149,DXB01,BAH12,DXB01-BAH12,2024-02-13 18:15:00,482.9014049,2167.5,No,SEA,VSL-8021,0.846738261,14.773,2024-02-14 15:16:00,0.185185185,0.666666667,2024-02-13 18:32:00,2024-02-14 15:37:00,21,Dubai Central Hub,Bahrain Regional Hub,United Arab Emirates,Bahrain,GCC Central Region,GCC Northern Region,25.2048,55.2708,26.2285,50.586,Dubai Central Hub -> Bahrain Regional Hub
SHP496493,DXB01,BAH12,DXB01-BAH12,2024-02-14 09:45:00,482.9014049,1841.7,No,SEA,VSL-8024,0.98,13.896,2024-02-15 05:35:00,0.259259259,0,2024-02-14 10:19:00,2024-02-15 06:12:00,37,Dubai Central Hub,Bahrain Regional Hub,United Arab Emirates,Bahrain,GCC Central Region,GCC Northern Region,25.2048,55.2708,26.2285,50.586,Dubai Central Hub -> Bahrain Regional Hub
SHP445686,DXB01,BAH12,DXB01-BAH12,2024-02-14 14:45:00,482.9014049,1271.8,No,SEA,VSL-8028,0.915493729,14.159,2024-02-15 11:03:00,0.333333333,0,2024-02-14 15:12:00,2024-02-15 11:57:00,54,Dubai Central Hub,Bahrain Regional Hub,United Arab Emirates,Bahrain,GCC Central Region,GCC Northern Region,25.2048,55.2708,26.2285,50.586,Dubai Central Hub -> Bahrain Regional Hub
SHP477625,DXB01,BAH12,DXB01-BAH12,2024-02-14 16:45:00,482.9014049,3445.8,No,SEA,VSL-8030,0.878293771,18.246,2024-02-15 17:32:00,0.703703704,0.266666667,2024-02-14 17:41:00,2024-02-15 18:16:00,44,Dubai Central Hub,Bahrain Regional Hub,United Arab Emirates,Bahrain,GCC Central Region,GCC Northern Region,25.2048,55.2708,26.2285,50.586,Dubai Central Hub -> Bahrain Regional Hub
SHP427399,DXB01,BAH12,DXB01-BAH12,2024-02-15 10:45:00,482.9014049,1604.5,Yes,SEA,VSL-8024,0.98,13.091,2024-02-16 06:29:00,0.111111111,0.066666667,2024-02-15 11:09:00,2024-02-16 07:08:00,39,Dubai Central Hub,Bahrain Regional Hub,United Arab Emirates,Bahrain,GCC Central Region,GCC Northern Region,25.2048,55.2708,26.2285,50.586,Dubai Central Hub -> Bahrain Regional Hub
SHP411973,DXB01,BAH12,DXB01-BAH12,2024-02-15 14:15:00,482.9014049,3268.9,No,SEA,VSL-8006,0.98,14.925,2024-02-16 11:29:00,0.185185185,0,2024-02-15 14:53:00,2024-02-16 13:05:00,96,Dubai Central Hub,Bahrain Regional Hub,United Arab Emirates,Bahrain,GCC Central Region,GCC Northern Region,25.2048,55.2708,26.2285,50.586,Dubai Central Hub -> Bahrain Regional Hub
SHP452750,DXB01,BAH12,DXB01-BAH12,2024-02-15 16:15:00,482.9014049,2034.6,No,SEA,VSL-8037,0.96886876,15.604,2024-02-16 14:11:00,0.740740741,0.266666667,2024-02-15 16:59:00,2024-02-16 15:31:00,80,Dubai Central Hub,Bahrain Regional Hub,United Arab Emirates,Bahrain,GCC Central Region,GCC Northern Region,25.2048,55.2708,26.2285,50.586,Dubai Central Hub -> Bahrain Regional Hub
SHP466973,DXB01,BAH12,DXB01-BAH12,2024-02-15 18:30:00,482.9014049,1527.1,No,SEA,VSL-8020,0.841791029,15.553,2024-02-16 16:25:00,0.074074074,0.266666667,2024-02-15 18:45:00,2024-02-16 16:19:00,-6,Dubai Central Hub,Bahrain Regional Hub,United Arab Emirates,Bahrain,GCC Central Region,GCC Northern Region,25.2048,55.2708,26.2285,50.586,Dubai Central Hub -> Bahrain Regional Hub
SHP456898,DXB01,BAH12,DXB01-BAH12,2024-02-16 10:00:00,482.9014049,3934.6,No,SEA,VSL-8034,0.806054456,15.141,2024-02-17 07:51:00,0.259259259,0,2024-02-16 10:52:00,2024-02-17 08:32:00,41,Dubai Central Hub,Bahrain Regional Hub,United Arab Emirates,Bahrain,GCC Central Region,GCC Northern Region,25.2048,55.2708,26.2285,50.586,Dubai Central Hub -> Bahrain Regional Hub
SHP421552,DXB01,BAH12,DXB01-BAH12,2024-02-17 06:45:00,482.9014049,1817.2,No,SEA,VSL-8013,0.894833961,12.795,2024-02-18 02:01:00,0.296296296,0.4,2024-02-17 07:11:00,2024-02-18 02:56:00,55,Dubai Central Hub,Bahrain Regional Hub,United Arab Emirates,Bahrain,GCC Central Region,GCC Northern Region,25.2048,55.2708,26.2285,50.586,Dubai Central Hub -> Bahrain Regional Hub
